twitterfeed,6158
twittbot.net,5599
Botize,4023
Twitter Web Client,2138
IFTTT,1607
Google,1400
Twitter for iPhone,1329
botly,1198
UnicodeEncodeError,576
Hootsuite,567
TweetDeck,468
rep.licants.org,400
TTYtter,399
UnicodeEncodeError,366
RoundTeam,356
Twitter for Mac,340
Clevertweet App,339
dlvr.it,233
Mobile Web (M5),210
j_b_o_t,200
Fantastic Freedom Bot,200
Twitter for Windows Phone,200
Yodaism,200
The Hype Machine,200
daft-bot,200
magical magic,200
The Magic 8 ball,200
twittbot-nd,200
P_Funk_Singer,200
I Know Right?,200
SingingBob,200
SingingBot,200
Zoidberg_bot,200
PixelSorter,200
Fat Pikachu,200
CapsCop Part Three,200
smpl_ebook,200
RapBot Revised,200
butt_things,200
BigMacinbot,200
botomatic,200
bot_things,200
twittordrone,200
BadBMP,200
itsspeltcaesar,200
PromoBooster custom services,200
you're valued,200
TweetAdder v4,200
Hot Stock Bot Python Client,200
Weavrs,200
MainAccountManager,200
Bot Summit Talks,200
UnicodeEncodeError,200
Zoltar Machine,200
TerminatorBot,200
AnoncoinPrice,200
TipperCoin,200
True Knowledge,200
Lowpolybot,200
LSystemBot,200
Velvet Stylestweettest,200
twesterbot2,200
LabTL,200
Twiboots,200
12th Precinct,200
GardelBot,200
Follow Pylon,200
Beakerer,200
howdowefeel,200
iamagoat,200
Tween,200
CGAGraphics2,200
TicBot2,200
Python uploader,200
Clip Artist,200
badpng,200
Plz Revisit,200
CantRemember,200
Ducknote Price,200
digitizer,200
contributor,200
AI,200
Brain-Bot,200
Coinbase Pricebot,200
This is Sparta,200
Sha1 Your Tweet,200
Ultra Hal,200
anon-wikipedia,200
everycolor.rb,200
imgshredder,200
props.org,200
maidtsun,200
Twatsie@Jerkomatic,200
DeepDreamThis,200
simsimi_id,200
Bidoof Bot,200
RedScareBot,200
SimonSwears,200
Doge Price Bot,200
fishdeck,199
dogecoinprice,199
NOAI,199
dumpmon_bot,199
eliza-bot,199
Musings of a Chatbot,199
Cointraq Price Bot,199
89n,199
Agora stats,199
Yakov Smirbott,199
BITCHES DON'T KNOW 'BOUT MY INTENSIVE AERIAL BOMBARDMENT,199
DataLeakBot,198
ELIZA,198
deepdream,198
Yoda Bot,197
COBE POWERED EBOOKS,197
oiledits,196
Grassbrig,195
Assembly bot ,195
urbanbot,195
The Great Chatmundo Chatbot,195
ColombiaNotColumbia Test Account,195
Orwell for Android,195
StealthMountain,194
You Messed With The Wrong Robot,191
PostList,186
trutherbotred,185
Bloub!,183
velotronarise,181
PeaceBot-MetalsFeed,176
Twitter for Android,176
Twitter for iPad,176
Thesaurasize,164
Sprout Social,163
Buffer,153
UnicodeEncodeError,144
NyanCatBot,142
8causes' Social Startups,110
Brian v1,104
Nurph,71
Tweetbot for Mac,36
Falcon Social Media Management ,29
Echofon,28
Tumblr,28
Facebook,24
More Owlage,19
iOS,19
Twitter for Websites,12
Echofon  Android,10
BOTlibre!,9
Seesmic,7
Flipboard,6
Instagram,6
Urban Word of the Day,3
Mobile Web,3
Twitpic,2
UnicodeEncodeError,2
Tweetbot for iOS,2
AnaTweet_com,2
Photos on iOS,1
Fenix for Android,1
SubscriberTrain.com,1
UnicodeEncodeError,1
Vine - Make a Scene,1
