Twitter Web Client,5954
Twitter for iPhone,2146
TweetDeck,1686
Twitter for Android,1562
twitterfeed,1519
Facebook,1040
Hootsuite,815
Twitter for Websites,738
Instagram,504
dlvr.it,438
Twitter for Mac,431
LinkedIn,358
Buffer,329
Scoop.it,286
Google,236
Tweet Old Post,225
MailChimp,217
Supvize Website,198
Crowdfire App,181
iOS,174
SharedBy,164
WebPartner,131
UnicodeEncodeError,125
Pinterest,115
UnicodeEncodeError,114
Commercial-bestjob,114
The Hype Machine,111
Twitter for iPad,110
IFTTT,109
Meet Edgar,109
BitlBee,80
Social Dynamite,74
Tuiter Machine,72
Small Business Trends Aggregator,64
Tweetbot for Mac,58
fllwrs,52
Foursquare,49
SoundCloud,48
AWeber Email Marketing,45
Linkis.com,41
Mobile Web,40
Mobile Web (M5),35
Untappd,27
SumAll,26
Tweekly.fm,25
bitly bitlink,24
WordPress.com,24
Hearsay Social,23
Periscope,20
Nike+ GPS on iOS,19
TweetMeme,18
Flipboard,18
erased197649,18
Yahoo,17
Tweepsmap,14
howtoblog,13
UnicodeEncodeError,12
Mobile Web (M2),11
Tumblr,11
Twitter for Android Tablets,10
SocialLinc,10
Photos on iOS,8
Sponsored Tweets,8
Reeder on iOS,8
feedly on iOS,7
Adly Connect,7
Spotify,7
Live Agent,6
Behance Network,6
Twitter for Windows,6
SensioLabs Connect,5
Twitter for Windows Phone,4
Thunderclap,4
feedly,4
Social Proxy by Mailchimp,4
Meetup,4
140c - dev - follow RT,4
UnicodeEncodeError,3
Adcourier,3
Blugraphic,3
Nike Application,3
Gleam Competition App,3
Birdie App,3
UnicodeEncodeError,3
Posterous,3
Bons plans vols liligo.com,2
Tweet & Get It !,2
Geeklist Inc,2
Pay with a Tweet,2
Naymz,2
ChronoTrack Live,2
Camera on iOS,2
ICQ Feeds,2
Reeder,2
Pocket for iOS,2
Waze,1
Twitter Ads,1
TVcheck for iPhone,1
DISQUS,1
hubic,1
Klout.com,1
Vimeo,1
MightyDeals Bonus,1
Bandsintown,1
Tweepi,1
OS X,1
Heads Vs Tails on iOS,1
YouTube on iOS,1
LaterBro.com,1
shareaholic,1
UnicodeEncodeError,1
topi,1
schmap.it,1
Safari on iOS,1
Bitly,1
Post with Klout,1
StumbleUpon,1
leParisien.fr on iOS,1
Work For Us,1
TW-Promotions,1
GoRecommend App,1
Try and Like It - L'application,1
